{"cameraMode":{"drawMode":0,"name":"Shaded","section":"Shading Mode"},"sceneLighting":false,"audioPlay":false,"sceneViewState":{"showFog":true,"showMaterialUpdate":false,"showSkybox":false,"showFlares":true,"showImageEffects":true,"showParticleSystems":true},"in2DMode":false,"pivot":{"x":-656.3053588867188,"y":596.7546997070313,"z":-1428.66259765625},"rotation":{"x":-0.038383208215236667,"y":-0.9539855718612671,"z":0.26364755630493166,"w":-0.13847565650939942},"size":4.948021411895752,"orthographic":false}